{
    "summary": {
        "frameworkName": "nsa",
        "passedControls": 5,
        "failedControls": 3,
        "totalControls": 8
    },
    "resources": [
        {
            "namespace": "default",
            "kind": "Pod",
            "name": "nginx",
            "controlName": "Privileged container",
            "status": "failed",
            "description": "Container is running in privileged mode."
        },
        {
            "namespace": "kube-system",
            "kind": "ServiceAccount",
            "name": "default",
            "controlName": "Service account with cluster-admin",
            "status": "failed",
            "description": "Service account has overly permissive access."
        },
        {
            "namespace": "default",
            "kind": "Deployment",
            "name": "api-server",
            "controlName": "HostPath volume mounts",
            "status": "failed",
            "description": "HostPath volumes present a significant security risk."
        }
    ]
}